Key,English(en),German(de),French(fr),Spanish(es),Russian(ru),Polish(pl),Italian(it),Turkish(tr)
30_days,30 days,30 Tage,30 jours,30 días,30 дней,30 dni,30 giorni,30 gün
365_days,365 days,365 Tage,365 jours,365 días,365 дней,365 dni,365 giorni,365 gün
7_days,7 days,7 Tage,7 jours,7 días,7 дней,7 dni,7 giorni,7 gün
Abort_game,Abort game,Spiel verwerfen,Abandonner la partie,Abortar juego,Прервать игру,Przerwij grę,Interrompi gioco,Oyunu iptal et
Abort_game_expl,"The game is not finished yet. Would you like to save the game so it can be continued later, or would you like to abort it?","Das Spiel ist noch nicht beendet. Möchtest du das Spiel speichern, um es später fortzusetzen, oder möchtest du es abbrechen?","La partie n'est pas encore terminée. Souhaitez-vous sauvegarder la partie pour la continuer plus tard, ou souhaitez-vous l'abandonner ?","El juego aún no ha terminado. ¿Te gustaría guardar el juego para continuarlo más tarde, o prefieres abortarlo?","Игра еще не закончена. Хотите сохранить игру, чтобы продолжить ее позже, или хотите прервать ее?","Gra nie została jeszcze zakończona. Czy chcesz zapisać grę, aby móc ją kontynuować później, czy chcesz ją przerwać?",Il gioco non è ancora finito. Vuoi salvare il gioco per continuarlo più tardi o vuoi interromperlo?,"Oyun henüz bitmedi. Oyunu daha sonra devam ettirmek üzere kaydetmek mi istersiniz, yoksa iptal etmek mi istersiniz?"
About,About,Über,À propos,Acerca de,О программе,O programie,Informazioni,Hakkında
Acitve_vibration,Activate Vibration,Vibration aktivieren,Vibration active,Vibración activa,Вибрация активна,Wibracje aktywne,Vibrazione attiva,Titreşim aktif
Acitve_vibration_expl,Determines whether haptic feedback should occur when entering inputs,"Bestimmt, ob bei Eingaben ein haptisches Feedback erfolgen soll",Détermine si un retour haptique doit se produire lors des saisies,Determina si debe producirse una respuesta háptica al introducir datos,"Определяет, должна ли происходить тактильная обратная связь при вводе данных","Określa, czy podczas wprowadzania danych ma występować reakcja haptyczna",Determina se deve verificarsi un feedback aptico durante l'inserimento degli input,Girişler yapılırken dokunsal geri bildirimin gerçekleşip gerçekleşmeyeceğini belirler
AddBot,Add bot,Bot hinzufügen,Ajouter un bot,Añadir bot,Добавить бота,Dodaj bota,Aggiungi bot,Bot ekle
All,All,Alle,Tout,Todo,Все,Wszystko,Tutto,Hepsi
Ascending,Ascending,Aufsteigend,Croissant,Ascendente,По возрастанию,Rosnąco,Crescente,Artan
Audio,Audio,Audio,Audio,Audio,Аудио,Audio,Audio,Ses
Blue,Blue,Blau,Bleu,Azul,Синий,Niebieski,Blu,Mavi
Bronze,Bronze,Bronze,Bronze,Bronce,Бронза,Brąz,Bronzo,Bronz
Bust,Bust,Verlauf,Bust,Bust,Перебор,Przełamanie,Sballato,Bust
Cancle,Cancel,Abbrechen,Annuler,Cancelar,Отмена,Anuluj,Anulla,İptal
Ceiling,Ceiling,Decke,Plafond,Techo,Потолок,Sufit,Soffitto,Tavan
Ceiling_expl,"Ceiling hit, which can be entered via button click instead of a 0-dart","Deckentreffer, der per Tastendruck statt eines 0-Darts eingegeben werden kann","Impact au plafond, qui peut être saisi via un clic sur un bouton au lieu d'un dardo à 0","Impacto en el techo, que se puede introducir haciendo clic en un botón en lugar de un dardo de 0","Попадание в потолок, которое можно ввести нажатием кнопки вместо 0-дротика","Trafienie w sufit, które można wprowadzić kliknięciem przycisku zamiast rzutki 0","Colpo al soffitto, che può essere inserito tramite clic del pulsante invece di una freccetta da 0",0-ok yerine buton tıklamasıyla girilebilen tavan vuruşu
Clips,Clips,Clips,Clips,Clips,Клипы,Klipy,Clip,Klipler
Confirm,Confirm,Bestätigen,Confirmer,Confirmar,Подтвердить,Potwierdź,Conferma,Onayla
Costs,Costs,Kosten,Coûts,Costos,Стоимость,Koszty,Costi,Maliyetler
Custom_clip_browser,Custom clip browser,Eigener Clip-Browser,Navigateur de clips personnalisés,Navegador de clips personalizados,Пользовательский браузер клипов,Przeglądarka własnych klipów,Browser clip personalizzati,Özel klip tarayıcısı
Custom_clips,Custom clips,Eigene Clips,Clips personnalisés,Clips personalizados,Пользовательские клипы,Własne klipy,Clip personalizzate,Özel klipler
Custom_sound,Custom sound,Eigener Sound,Son personnalisé,Sonido personalizado,Пользовательский звук,Własny dźwięk,Suono personalizzato,Özel ses
Custom_sound_expl,"Custom sounds are user-recorded sounds, otherwise the default package is used","Eigene Sounds sind vom Benutzer aufgenommene Sounds, andernfalls wird das Standardpaket verwendet","Les sons personnalisés sind des sons enregistrés par l'utilisateur, sinon le pack par défaut est utilisé","Los sonidos personalizados son sonidos grabados por el usuario; de lo contrario, se utiliza el paquete predeterminado","Пользовательские звуки — это звуки, записанные пользователем, иначе используется стандартный пакет","Własne dźwięki to dźwięki nagrane przez użytkownika, w przeciwnym razie używany jest pakiet domyślny","I suoni personalizzati sono registrati dall'utente, altrimenti viene utilizzato il pacchetto predefinito","Özel sesler kullanıcı tarafından kaydedilen seslerdir, aksi takdirde varsayılan paket kullanılır"
Cyan,Cyan,Cyan,Cyan,Cian,Циан,Cyjan,Ciano,Camgöbeği
Delete_all_games,Delete all games,Alle Spiele löschen,Supprimer toutes les parties,Eliminar todos los juegos,Удалить все игры,Usuń wszystkie gry,Elimina tutti i giochi,Tüm oyunları sil
Delete_all_games_expl,Are you sure you want to delete all recorded games? This action cannot be undone!,"Bist du sicher, dass du alle aufgezeichneten Spiele löschen möchtest? Diese Aktion kann nicht rückgängig gemacht werden!",Êtes-vous sûr de vouloir supprimer toutes les parties enregistrées ? Cette action est irréversible !,¿Estás seguro de que deseas eliminar todos los juegos grabados? ¡Esta acción no se puede deshacer!,"Вы уверены, что хотите удалить все записанные игры? Это действие нельзя отменить!",Czy na pewno chcesz usunąć wszystkie zapisane gry? Tej operacji nie można cofnąć!,Sei sicuro di voler eliminare tutti i giochi registrati? Questa azione nicht può essere annullata!,Tüm kaydedilen oyunları silmek istediğinizden emin misiniz? Bu işlem geri alınamaz!
Delete_atc_games,Delete Around the Clock games,„Around the Clock“-Spiele löschen,Supprimer les parties d'Around the Clock,Eliminar juegos de Around the Clock,Удалить игры Around the Clock,Usuń gry Around the Clock,Elimina i giochi Around the Clock,Around the Clock oyunlarını sil
Delete_atc_games_expl,Are you sure you want to delete all Around the Clock games? This action cannot be undone!,"Bist du sicher, dass du alle „Around the Clock“-Spiele löschen möchtest? Diese Aktion kann nicht rückgängig gemacht werden!",Êtes-vous sûr de vouloir supprimer toutes les parties d'Around the Clock ? Cette action est irréversible !,¿Estás seguro de que deseas eliminar todos los juegos de Around the Clock? ¡Esta acción no se puede deshacer!,"Вы уверены, что хотите удалить все игры Around the Clock? Это действие нельзя отменить!",Czy na pewno chcesz usunąć wszystkie gry Around the Clock? Tej operacji nie można cofnąć!,Sei sicuro di voler eliminare tutti i giochi Around the Clock? Questa azione non può essere annullata!,Tüm Around the Clock oyunlarını silmek istediğinizden emin misiniz? Bu işlem geri alınamaz!
Delete_clip,Delete clip,Clip löschen,Supprimer le clip,Eliminar clip,Удалить клип,Usuń klip,Elimina clip,Klibi sil
Delete_clip_expl,Are you sure you want to delete the currently displayed clip? This action cannot be undone!,"Bist du sicher, dass du den aktuell angezeigten Clip löschen möchtest? Diese Aktion kann nicht rückgängig gemacht werden!",Êtes-vous sûr de vouloir supprimer le clip actuellement affiché ? Cette action est irréversible !,¿Estás seguro de que deseas eliminar el clip que se muestra actualmente? ¡Esta acción no se puede deshacer!,"Вы уверены, что хотите удалить текущий клип? Это действие нельзя отменить!",Czy na pewno chcesz usunąć aktualnie wyświetlany klip? Tej operacji nie można cofnąć!,Sei sicuro di voler eliminare il clip attualmente visualizzato? Questa azione non può essere annullata!,Şu anda görüntülenen klibi silmek istediğinizden emin misiniz? Bu işlem geri alınamaz!
Delete_cricket_games,Delete Cricket games,„Cricket“-Spiele löschen,Supprimer les parties de Cricket,Eliminar juegos de Cricket,Удалить игры в Крикет,Usuń gry Cricket,Elimina i giochi Cricket,Cricket oyunlarını sil
Delete_cricket_games_expl,Are you sure you want to delete all Cricket games? This action cannot be undone!,"Bist du sicher, dass du alle „Cricket“-Spiele löschen möchtest? Diese Aktion kann nicht rückgängig gemacht werden!",Êtes-vous sûr de vouloir supprimer toutes les parties de Cricket ? Cette action est irréversible !,¿Estás seguro de que deseas eliminar todos los juegos de Cricket? ¡Esta acción no se puede deshacer!,"Вы уверены, что хотите удалить все игры в Крикет? Это действие нельзя отменить!",Czy na pewno chcesz usunąć wszystkie gry Cricket? Tej operacji nie można cofnąć!,Sei sicuro di voler eliminare tutti i giochi Cricket? Questa azione non può essere annullata!,Tüm Cricket oyunlarını silmek istediğinizden emin misiniz? Bu işlem geri alınamaz!
Delete_player,Delete player,Spieler löschen,Supprimer le joueur,Eliminar jugador,Удалить игрока,Usuń gracza,Elimina giocatore,Oyuncuyu sil
Delete_player_expl,Are you sure you want to delete player {name}? This action cannot be undone!,"Bist du sicher, dass du den Spieler {name} löschen möchtest? Diese Aktion kann nicht rückgängig gemacht werden!",Êtes-vous sûr de vouloir supprimer le joueur {name} ? Cette action est irréversible !,¿Estás seguro de que deseas eliminar al jugador {name}? ¡Esta acción no se puede deshacer!,"Вы уверены, что хотите удалить игрока {name}? Это действие нельзя отменить!",Czy na pewno chcesz usunąć gracza {name}? Tej operacji nie można cofnąć!,Sei sicuro di voler eliminare il giocatore {name}? Questa azione non può essere annullata!,{name} isimli oyuncuyu silmek istediğinizden emin misiniz? Bu işlem geri alınamaz!
Delete_x01_games,Delete X01 games,„X01“-Spiele löschen,Supprimer les parties de X01,Eliminar juegos de X01,Удалить игры X01,Usuń gry X01,Elimina i giochi X01,X01 oyunlarını sil
Delete_x01_games_expl,Are you sure you want to delete all X01 games? This action cannot be undone!,"Bist du sicher, dass du alle „X01“-Spiele löschen möchtest? Diese Aktion kann nicht rückgängig gemacht werden!",Êtes-vous sûr de vouloir supprimer toutes les parties de X01 ? Cette action est irréversible !,¿Estás seguro de que deseas eliminar todos los juegos de X01? ¡Esta acción no se puede deshacer!,"Вы уверены, что хотите удалить все игры X01? Это действие нельзя отменить!",Czy na pewno chcesz usunąć wszystkie gry X01? Tej operacji nie można cofnąć!,Sei sicuro di voler eliminare tutti i giochi X01? Questa azione non kann essere annullata!,Tüm X01 oyunlarını silmek istediğinizden emin misiniz? Bu işlem geri alınamaz!
Descending,Descending,Absteigend,Décroissant,Descendente,По убыванию,Malejąco,Decrescente,Azalan
Dont_save,Don't save,Nicht speichern,Ne pas sauvegarder,No guardar,Не сохранять,Nie zapisuj,Non salvare,Kaydetme
Easy,Easy,Einfach,Facile,Fácil,Легко,Łatwy,Facile,Kolay
Filter_by_players,Filter by players,Nach Spielern filtern,Filtrer par joueurs,Filtrar por jugadores,Фильтр по игрокам,Filtruj według graczy,Flitra per giocatori,Oyunculara göre filtrele
Finished,Finished,Beendet,Terminé,Terminado,Завершено,Zakończono,Terminato,Bitti
Game_not_saved_yet,Game not saved yet,Spiel noch nicht gespeichert,Jeu pas encore sauvegardé,Juego no guardado aún,Игра еще не сохранена,Gra nie została jeszcze zapisana,Gioco non ancora salvato,Oyun henüz kaydedilmedi
Game_not_saved_yet_expl,The game has not been saved yet. Would you like to save it now?,Das Spiel wurde noch nicht gespeichert. Möchtest du es jetzt speichern?,Le jeu n'a pas encore été sauvegardé. Souhaitez-vous le sauvegarder maintenant ?,El juego aún no se ha guardado. ¿Te gustaría guardarlo ahora?,Игра еще не сохранена. Хотите сохранить ее сейчас?,Gra nie została jeszcze zapisana. Czy chcesz ją teraz zapisać?,Il gioco non è ancora stato salvato. Vuoi salvarlo ora?,Oyun henüz kaydedilmedi. Şimdi kaydetmek ister misiniz?
Game_over,Game over,Spiel vorbei,Partie terminée,Fin del juego,Игра окончена,Koniec gry,Game over,Oyun bitti
Game_start,Start game,Spiel starten,Commencer la partie,Iniciar juego,Начать игру,Uruchom grę,Avvia gioco,Oyunu başlat
Gold,Gold,Gold,Or,Oro,Золото,Złoto,Oro,Altın
Green,Green,Grün,Vert,Verde,Зеленыe,Zielony,Verde,Yeşil
Hard,Hard,Schwer,Difficile,Difícil,Сложно,Trudny,Difficile,Zor
Highscores,Highscores,Bestenlisten,Meilleurs scores,Puntajes máximos,Рекорды,Najlepsze wyniki,Classifiche,Yüksek skorlar
History,History,Verlauf,Historique,Historial,История,Historia,Cronologia,Geçmiş
Hit,Hit,Treffer,Touche,Impacto,Попадание,Trafienie,Colpito,Isabet
Hits,Hits,Treffer,Coups,Aciertos,Попадания,Trafienia,Colpi,Isabetler
Home,Home,Startseite,Accueil,Inicio,Главная,Strona główna,Home,Ana sayfa
In_progress,In progress,Laufend,En cours,En progreso,В процессе,W toku,In corso,Devam ediyor
Inactive_Players,Inactive players,Inaktive Spieler,Joueurs inactifs,Jugadores inactivos,Неактивные игроки,Nieaktywni gracze,Giocatori inattivi,Aktif olmayan oyuncular
Intensity,Intensity,Intensität,Intensité,Intensidad,Интенсивность,Intensywność,Intensità,Yoğunluk
Lose,Lose,Verlieren,Défaite,Derrota,Поражение,Przegrana,Sconfitta,Kaybetme
Lose_expl,Penalty for participating in a game without emerging as the winner,"Strafe für die Teilnahme an einem Spiel, ohne als Sieger hervorzugehen",Pénalité pour avoir participé à une partie ohne en sortir vainqueur,Penalización por participar en un juego sin resultar ganador,Штраф за участие в игре без победы,Kara za udział w grze bez wyłonienia się jako zwycięzca,Penalità per la partecipazione a un gioco senza emergerne come vincitore,Kazanan olarak çıkmadan bir oyuna katılmanın cezası
Lucky_number,Lucky number,Schnapszahl,Chiffre fétiche,Número de la suerte,Счастливое число,Szczęśliwa liczba,Numero fortunato,Şanslı numara
Lucky_number_expl,"Penalty if you reach a score that is a repdigit (e. g. 111, 222, etc.)","Strafe, wenn du einen Punktestand erreichst, der eine Schnapszahl ist (z. B. 111, 222 usw.)","Pénalité si vous atteignez un score qui est un nombre à repdigit (ex. 111, 222, etc.)","Penalización si alcanzas una puntuación que sea un número de dígitos repetidos (por ejemplo, 111, 222, etc.)","Штраф, если вы наберете количество очков, состоящее из одинаковых цифр (например, 111, 222 и т. д.)","Kara, jeśli osiągniesz wynik będący repdigit (np. 111, 222 itd.)","Penalità se raggiungi un punteggio che è un numero a cifre ripetute (es. 111, 222, ecc.)","Aynı rakamlardan oluşan bir skora (örn. 111, 222 vb.) ulaştığınızda verilen ceza"
Mark_everything,Mark everything,Alles markieren,Tout cocher,Marcar todo,Выделить все,Zaznacz wszystko,Seleziona tutto,Hepsini işaretle
Marks,Marks,Marks,Marques,Marcas,Отметки,Oznaczenia,Contrassegni,İşaretler
Marks_per_round,Marks per round,Marks pro Runde,Marques par tour,Marcas por ronda,Отметок за раунд,Oznaczenia na rundę,Contrassegni per round,Tur başına işaretler
Medium,Medium,Mittel,Moyen,Medio,Средне,Średni,Medio,Orta
Miss,Miss,Fehlschuss,Raté,Fallo,Proмах,Chybienie,Mancato,Iskat
Mode,Mode,Modus,Mode,Modo,Режим,Tryb,Modalità,Mod
New_player,New player,Neuer Spieler,Nouveau joueur,Nuevo jugador,Новый игрок,Nowy gracz,Nuovo giocatore,Yeni oyuncu
New_player_name_too_short,Name is too short (min. 2 characters),Name ist zu kurz (mind. 2 Zeichen),Le nom est trop court (min. 2 caractères),El nombre es demasiado corto (mín. 2 caracteres),Имя слишком короткое (минимум 2 символа),Nazwa jest za krótka (min. 2 znaki),Il nome è troppo corto (min. 2 caratteri),İsim çok kısa (en az 2 karakter)
No_board_hit,No board hit,Kein Scheibentreffer,Aucun impact sur la cible,Sin impacto en la diana,Нет попадания в мишень,Brak trafienia w tarczę,Nessun colpo sul bersaglio,Borda isabet yok
No_board_hit_expl,Penalty if all darts are wall or ceiling hits,"Strafe, wenn alle Darts Wand- oder Deckentreffer sind",Pénalité si toutes les fléchettes touchent le mur ou le plafond,Penalización si dardos impactan en la pared o el techo,"Штраф, если все дротики попали в стену или потолок","Kara, jeśli wszystkie rzutki trafią w ścianę lub sufit",Penalità se tutte le freccette colpiscono il muro o il soffitto,Tüm okların duvara veya tavana gelmesi durumunda verilen ceza
No_clips_recorded,No clips recorded,Keine Clips aufgezeichnet,Aucun clip enregistré,No hay clips grabados,Клипы не записаны,Brak nagranych klipów,Nessun clip registrato,Kaydedilmiş klip yok
No_games_available,No games available,Keine Spiele vorhanden,Aucun jeu disponible,No hay juegos disponibles,Нет доступных игр,Brak dostępnych gier,Nessun gioco disponibile,Mevcut oyun yok
No_games_available_x01,No X01 games available,Keine X01-Spiele vorhanden,Aucun jeu X01 disponible,No hay juegos X01 disponibles,Нет доступных игр X01,Brak dostępnych gier X01,Nessun gioco X01 disponibile,Mevcut X01 oyunu yok
No_games_available_cricket,No Cricket games available,Keine Cricket-Spiele vorhanden,Aucun jeu Cricket disponible,No hay juegos de Cricket disponibles,Нет доступных игр в Крикет,Brak dostępnych gier w Krykieta,Nessun gioco Cricket disponibile,Mevcut Kriket oyunu yok
No_games_available_atc,No Around the Clock games available,Keine Around the Clock-Spiele vorhanden,Aucun jeu Around the Clock disponible,No hay juegos Around the Clock disponibles,Нет доступных игр Around the Clock,Brak dostępnych gier Around the Clock,Nessun gioco Around the Clock disponibile,Mevcut Around the Clock oyunu yok
No_players_added,No players added,Keine Spieler hinzugefügt,Aucun joueur ajouté,No se han añadido jugadores,Игроки не добавлены,Nie dodano graczy,Nessun giocatore aggiunto,Oyuncu eklenmedi
No_players_added_expl,No players have been added to the participant list yet. At least one player must be assigned!,Es wurden noch keine Spieler zur Teilnehmerliste hinzugefügt. Mindestens ein Spieler muss zugewiesen werden!,Aucun joueur n'a encore été ajouté à la liste des participants. Au moins un joueur doit être attribué !,Aún no se han añadido jugadores a la lista de participantes. ¡Se debe asignar al menos un jugador!,В список участников еще nicht добавлены игроки. Необходимо назначить как минимум одного игрока!,Nie dodano jeszcze żadnych graczy do listy uczestników. Musi być przypisany co najmniej jeden gracz!,Non sono ancora stati aggiunti giocatori alla lista dei partecipanti. Deve essere assegnato almeno un giocatore!,Katılımcı listesine henüz oyuncu eklenmedi. En az bir oyuncu atanmalıdır!
Ok,OK,OK,OK,Aceptar,ОК,OK,OK,Tamam
Options,Options,Optionen,Options,Opciones,Options,Opcje,Opzioni,Ayarlar
Order,Order,Reihenfolge,Ordre,Orden,Порядок,Kolejność,Ordine,Sıra
Participants,Participants,Teilnehmer,Participants,Participantes,Участники,Uczestnicy,Partecipanti,Katılımcılar
Penalties,Penalties,Strafen,Pénalités,Penalizaciones,Штрафы,Kary,Penalità,Cezalar
Penalty_clips,Penalty clips,Straf-Clips,Clips de pénalité,Clips de penalización,Штрафные клипы,Klipy z karami,Clip di penalità,Ceza klipleri
Play_sound,Play sound,Sound abspielen,Lire le son,Reproducir sonido,Воспроизвести звук,Odtwórz dźwięk,Riproduci suono,Sesi oynat
Play_sound_expl,Determines whether sounds should be used within the app (e. g. score announcements in X01),"Bestimmt, ob Sounds in der App verwendet werden sollen (z. B. Ansage der Punktzahlen in X01)",Détermine si des sons doivent être utilisés dans l'application (ex. annonces de score dans X01),"Determina si se deben usar sonidos dentro de la aplicación (por ejemplo, anuncios de puntuación en X01)","Определяет, должны ли использоваться звуки в приложении (например, объявление счета в X01)","Określa, czy w aplikacji mają być używane dźwięki (np. ogłaszanie wyników w X01)",Determina se utilizzare i suoni all'interno dell'app (es. annunci dei punteggi in X01),Uygulama içinde seslerin kullanılıp kullanılmayacağını belirler (örn. X01'de skor anonsları)
Players,Players,Spieler,Joueurs,Jugadores,Игроки,Gracze,Giocatori,Oyuncular
Points,Points,Punkte,Points,Puntos,Очки,Punkty,Punti,Puanlar
Preferences,Preferences,Einstellungen,Préférences,Preferencias,Настройки,Preferencje,Preferenze,Tercihler
Pro,Pro,Pro,Pro,Pro,Про,Pro,Pro,Pro
Random,Random,Zufall,Aléatoire,Aleatorio,Случайно,Losowo,Casuale,Rastgele
Random_Order,Random order,Zufällige Reihenfolge,Ordre aléatoire,Orden aleatorio,Случайный порядок,Losowa kolejność,Ordine casuale,Rastgele sıralama
Recorder,Recorder,Recorder,Enregistreur,Grabador,Рекордер,Rejestrator,Registratore,Kaydedici
Red,Red,Rot,Rouge,Rojo,Красный,Czerwony,Rosso,Kırmızı
Rename_player,Rename player {name},Spieler {name} umbenennen,Renommer le joueur {name},Renombrar jugador {name},Переименовать игрока {name},Zmień nazwę gracza {name},Rinomina giocatore {name},{name} oyuncusunu yeniden adlandır
Save,Save,Speichern,Sauvegarder,Guardar,Сохранить,Zapisz,Salva,Kaydet
Save_game,Save game,Spiel speichern,Sauvegarder la partie,Guardar juego,Сохранить игру,Zapisz grę,Salva gioco,Oyunu kaydet
Score_clips,Score clips,Punkte-Clips,Clips de score,Clips de puntuación,Клипы очков,Klipy z wynikami,Clip di punteggio,Skor klipleri
Scoring,Scoring,Punkteerfassung,Saisie des scores,Anotación,Подсчет очков,Punktacja,Punteggio,Skorlama
Share,Share,Teilen,Partager,Compartir,Поделиться,Udostępnij,Condividi,Paylaş
Share_expl,Check out my new Darts app that I found on GitHub! https://github.com/fabicodestube-dotcom/Dart-Penalty-Playback/,"Schau dir meine neue Darts-App an, die ich auf GitHub gefunden habe! https://github.com/fabicodestube-dotcom/Dart-Penalty-Playback/",Découvrez ma nouvelle application de fléchettes trouvée sur GitHub ! https://github.com/fabicodestube-dotcom/Dart-Penalty-Playback/,¡Mira mi nueva aplicación de dardos que encontré en GitHub! https://github.com/fabicodestube-dotcom/Dart-Penalty-Playback/,"Посмотрите мое новое приложение для дартса, которое я нашел на GitHub! https://github.com/fabicodestube-dotcom/Dart-Penalty-Playback/","Sprawdź moją nową aplikację do rzutek, którą znalazłem na GitHubie! https://github.com/fabicodestube-dotcom/Dart-Penalty-Playback/",Dai un'occhiata alla mia nuova app per le freccette che ho trovato su GitHub! https://github.com/fabicodestube-dotcom/Dart-Penalty-Playback/,GitHub'da bulduğum yeni Dart uygulamama göz atın! https://github.com/fabicodestube-dotcom/Dart-Penalty-Playback/
Special_clips,Special clips,Spezial-Clips,Clips spéciaux,Clips especiales,Специальные клипы,Klipy specjalne,Clip speciali,Özel klipler
Statistics,Statistics,Statistiken,Statistiques,Estadísticas,Статистика,Statystyki,Statistiche,İstatistikler
Strong,Strong,Stark,Fort,Fuerte,Сильный,Silny,Forte,Güçlü
Sudden_death,Sudden death,Sudden Death,Mort subite,Muerte súbita,Внезапная смерть,Nagła śmierć,Sudden death,Aniden ölüm
Sum,Sum,Summe,Somme,Suma,Сумма,Suma,Somma,Toplam
Summary,Summary,Zusammenfassung,Résumé,Resumen,Итоги,Podsumowanie,Riepilogo,Özet
Support,Support,Unterstützen,Soutenir,Apoyar,Поддержать,Wsparcie,Supporto,Destekle
Support_expl,"If you want to support the app, feel free to donate via one of the following options.","Wenn du die App unterstützen möchtest, kannst du gerne über eine der folgenden Optionen spenden.","Si vous souhaitez soutenir l'application, n'hésitez pas à faire un don via l'une des options suivantes.","Si deseas apoyar la aplicación, siéntete libre de donar a través de una de las siguientes opciones.","Если вы хотите поддержать приложение, вы можете сделать пожертвование с помощью одного из следующих вариантов.","Jeśli chcesz wesprzeć aplikację, możesz przekazać darowiznę za pomocą jednej z poniższych opcji.","Se vuoi supportare l'app, sentiti libero di donare tramite una delle seguenti opzioni.","Uygulamayı desteklemek isterseniz, aşağıdaki seçeneklerden biriyle bağışta bulunabilirsiniz."
Targets,Targets,Ziele,Cibles,Objetivos,Цели,Cele,Obiettivi,Hedefler
Theme,Theme,Design,Thème,Tema,Тема,Motyw,Tema,Tema
Three_ones,Three ones,Drei Einsen,Trois uns,Tres unos,Три единицы,Trzy jedynki,Tre uni,Üç tane bir
Three_ones_expl,Penalty if you hit the 1 field 3 times in a row with 3 darts (multiplier does not matter),"Strafe, wenn du das 1er-Feld dreimal hintereinander mit 3 Darts triffst (Multiplikator spielt keine Rolle)",Pénalité si vous touchez la case 1 trois fois de suite mit 3 fléchettes (le multiplicateur n'a pas d'importance),Penalización si aciertas en el sector de la 1 tres veces seguidas con 3 dardos (el multiplicador no importa),"Штраф, если вы попадете в сектор 1 три раза подряд тремя дротиками (множитель не имеет значения)","Kara, jeśli trafisz w pole 1 trzy razy z rzędu trzema rzutkami (mnożnik nie ma znaczenia)",Penalità se colpisci il settore dell'1 per 3 volte di seguito con 3 freccette (il moltiplicatore non ha importanza),3 okla arka arkaya 3 kez 1 alanını vurduğunuzda verilen ceza (çarpanın önemi yoktur)
Throws,Throws,Würfe,Lancers,Lanzamientos,Броски,Rzuty,Lanci,Atışlar
Today,Today,Heute,Aujourd'hui,Hoy,Сегодня,Dzisiaj,Oggi,Bugün
Trim_silence,Trim silence,Stille trimmen,Supprimer les silences,Recortar silencio,Обрезать тишину,Usuń ciszę,Taglia silenzio,Sessizliği kırp
Undo,Undo,Rückgängig,Annuler,Deshacer,Отменить,Cofnij,Annulla,Geri al
Unselect_all,Unselect all,Auswahl aufheben,Tout désélectionner,Desmarcar todo,Снять выделение со всего,Odznacz wszystko,Deseleziona tutto,Seçimi kaldır
Vibration,Vibration,Vibration,Vibration,Vibración,Вибрация,Wibracje,Vibrazione,Titreşim
Volume,Volume,Lautstärke,Volume,Volumen,Громкость,Głośność,Volume,Ses seviyesi
Wall,Wall,Wand,Mur,Pared,Стена,Ściana,Muro,Duvar
Wall_expl,"Wall hit, which can be entered via button click instead of a 0-dart","Wandtreffer, der per Tastendruck statt eines 0-Darts eingegeben werden kann","Impact au mur, qui peut être saisi via un clic sur un bouton au lieu d'un dardo à 0","Impacto en la pared, que se puede introducir haciendo clic en un botón en lugar de un dardo de 0","Попадание в стену, которое можно ввести нажатием кнопки вместо 0-дротика","Trafienie w ścianę, które można wprowadzić kliknięciem przycisku zamiast rzutki 0","Colpo al muro, che può essere inserito tramite clic del pulsante invece di una freccetta da 0",0-ok yerine buton tıklamasıyla girilebilen duvar vuruşu
Weak,Weak,Schwach,Faible,Débil,Слабый,Słaby,Debole,Zayıf
Delete_game,Do you really want to delete the displayed game? This can't be undone!,Möchtest du das angezeigte Spiel wirklich löschen? Dies kann nicht rückgängig gemacht werden!,Voulez-vous vraiment supprimer le jeu affiché ? Cette action est irréversible !,¿Realmente quieres borrar el juego mostrado? ¡Esto nicht se puede deshacer!,Вы действительно хотите удалить отображаемую игру? Это действие нельзя отменить!,Czy na pewno chcesz usunąć wyświetloną grę? Tego kroku nie można cofnąć!,Vuoi davvero eliminare il gioco visualizzato? L'azione non può essere annullata!,Görüntülenen oyunu gerçekten silmek istiyor musunuz? Bu işlem geri alınamaz!
Settings,Settings,Einstellungen,Paramètres,Ajustes,Настройки,Ustawienia,Impostazioni,Ayarlar
Apply,Apply,Anwenden,Appliquer,Aplicar,Применить,Zastosuj,Applica,Uygula